timestamp,date,event_type,message
2025-09-18T11:11:44.053180,2025-09-01,INIT_INVENTORY,Initialized 8 inventory records
2025-09-18T11:11:44.197783,2025-09-01,SET_SPACE_CAPACITY,Configured 5 space capacity records
2025-09-18T11:11:45.468848,2025-09-01,M1_SHIPMENTS,Processed 6 shipments
2025-09-18T11:11:46.751958,2025-09-01,M5_DEPLOYMENT,Added 3 deployment plans
2025-09-18T11:11:47.464994,2025-09-01,M6_DELIVERY,Processed 5 delivery plans
2025-09-18T11:11:50.442615,2025-09-01,M1_SHIPMENTS,Processed 6 shipments
2025-09-18T11:11:53.156505,2025-09-01,DELIVERY_ARRIVALS,Processed 3 delivery arrivals
2025-09-18T11:11:54.292768,2025-09-01,M1_SHIPMENTS,Processed 6 shipments
2025-09-18T11:11:58.652275,2025-09-01,M1_SHIPMENTS,Processed 6 shipments
